name,year,month,lue,t_opt,t1,t2,t,W
Sundarbans,2014,1,2.420743321998073,19.07700229889386,0.9995704500746043,0.9912235531162353,19.07700229889386,0.9772905468273495
Sundarbans,2014,2,2.6466179911583856,19.07700229889386,0.9995704500746043,0.9737413580951815,22.375109800974865,1.0876623791154354
Sundarbans,2014,3,1.6191569379046018,19.07700229889386,0.9995704500746043,0.7148732923933752,27.438180003595086,0.9063656907522984
Sundarbans,2014,4,0.737977569538688,19.07700229889386,0.9995704500746043,0.4281728020377915,30.89364578680302,0.6896736663201563
Sundarbans,2014,5,1.2861399257910922,19.07700229889386,0.9995704500746043,0.4553310209869095,30.559076222580426,1.1303593645504648
Sundarbans,2014,6,1.9561213681377627,19.07700229889386,0.9995704500746043,0.5218558702921268,29.76243994828414,1.5
Sundarbans,2014,7,2.1923520666624077,19.07700229889386,0.9995704500746043,0.5848777775307435,29.020355570431384,1.5
Sundarbans,2014,8,2.2570484761250804,19.07700229889386,0.9995704500746043,0.6021375289305667,28.816513900600484,1.5
Sundarbans,2014,9,2.2396004301656998,19.07700229889386,0.9995704500746043,0.5974827729935105,28.871593054361444,1.5
Sundarbans,2014,10,2.3204098595267286,19.07700229889386,0.9995704500746043,0.6963311790346147,27.673536033938156,1.3334704545479907
Sundarbans,2014,11,2.4475873353093145,19.07700229889386,0.9995704500746043,0.8986019158580143,24.558289709213213,1.0899733949729014
Sundarbans,2014,12,2.5236160428120127,19.07700229889386,0.9995704500746043,0.9962533942747441,19.900939118636188,1.013678043466869
Sundarbans,2015,1,2.4152022218466476,19.512313055063835,0.9998795203387181,0.9912235531162353,19.512313055063835,0.9747521251182039
Sundarbans,2015,2,2.501891878998378,19.512313055063835,0.9998795203387181,0.963086594712376,23.25023011737277,1.0392375020177897
Sundarbans,2015,3,1.808388698038388,19.512313055063835,0.9998795203387181,0.76349231650732,27.227457236978715,0.9475418000885086
Sundarbans,2015,4,2.0140651854650393,19.512313055063835,0.9998795203387181,0.6573599501299614,28.59068107919607,1.225768015197401
Sundarbans,2015,5,1.1776770174002338,19.512313055063835,0.9998795203387181,0.4836030514900694,30.65247144919991,0.9742440987496884
Sundarbans,2015,6,2.1896564500834694,19.512313055063835,0.9998795203387181,0.5839785936893623,29.466307842795548,1.5
Sundarbans,2015,7,2.528497858479674,19.512313055063835,0.9998795203387181,0.6743471849238891,28.38267574885098,1.5
Sundarbans,2015,8,2.228625344995125,19.512313055063835,0.9998795203387181,0.5943715300488499,29.343703550293068,1.5
Sundarbans,2015,9,2.2033573773175523,19.512313055063835,0.9998795203387181,0.5876325932450065,29.423225595788715,1.5
Sundarbans,2015,10,2.5485970527342223,19.512313055063835,0.9998795203387181,0.684657848669677,28.254983723911284,1.4890887546517213
Sundarbans,2015,11,2.5614224606129437,19.512313055063835,0.9998795203387181,0.890516654672585,25.16054982319955,1.1506629460580682
Sundarbans,2015,12,2.7019632043868667,19.512313055063835,0.9998795203387181,0.9918364536217749,21.648012928170523,1.0898110578708762
Sundarbans,2016,1,2.5298608561896656,20.074741399713993,0.9999945424182574,0.9912235531162353,20.074741399713993,1.0209098299554973
Sundarbans,2016,2,2.5841675796083132,20.074741399713993,0.9999945424182574,0.9163918834002321,25.162046790349745,1.1279825684798563
Sundarbans,2016,3,1.8041028070430791,20.074741399713993,0.9999945424182574,0.7144937692020913,28.440816304099773,1.0100223466588538
Sundarbans,2016,4,1.090729354634357,20.074741399713993,0.9999945424182574,0.5308692633626719,30.65380181204146,0.8218514075795164
Sundarbans,2016,5,1.944365338446568,20.074741399713993,0.9999945424182574,0.5521193270380231,30.403568947053063,1.4087180248523175
Sundarbans,2016,6,2.1898299948595694,20.074741399713993,0.9999945424182574,0.5839578841026958,30.0289746302571,1.5
Sundarbans,2016,7,2.576490298584726,20.074741399713993,0.9999945424182574,0.6870678610169149,28.787430434805362,1.5
Sundarbans,2016,8,2.5363953676379465,20.074741399713993,0.9999945424182574,0.6763758234264426,28.920047162522817,1.5
Sundarbans,2016,9,2.4889723973379567,20.074741399713993,0.9999945424182574,0.6637296314049211,29.0753502944387,1.5
Sundarbans,2016,10,2.6917460978922367,20.074741399713993,0.9999945424182574,0.7178029076459492,28.398053267669955,1.5
Sundarbans,2016,11,3.280321795142815,20.074741399713993,0.9999945424182574,0.9506363572712424,24.23866612285553,1.3802612426417282
Sundarbans,2016,12,2.7642149098666557,20.074741399713993,0.9999945424182574,0.9965466401325964,21.05282848762845,1.109523557354604
Sundarbans,2017,1,2.561021602166891,19.75724416061462,0.9999675210742832,0.9912235531162353,19.75724416061462,1.0335124530316844
Sundarbans,2017,2,2.264812170783151,19.75724416061462,0.9999675210742832,0.9498784106548821,23.9458599647501,0.953753788919499
Sundarbans,2017,3,2.606987071286643,19.75724416061462,0.9999675210742832,0.8479605304370437,26.1900208971545,1.229825635973815
Sundarbans,2017,4,2.08969126148428,19.75724416061462,0.9999675210742832,0.6464464201958573,28.967627610958257,1.293191228088033
Sundarbans,2017,5,1.4865262756624262,19.75724416061462,0.9999675210742832,0.5120115974888371,30.559104121776436,1.1614247929133397
Sundarbans,2017,6,2.1678792821161132,19.75724416061462,0.9999675210742832,0.5781197621179527,29.78020989212196,1.5
Sundarbans,2017,7,2.508960913034972,19.75724416061462,0.9999675210742832,0.6690778279185855,28.692259952871723,1.5
Sundarbans,2017,8,2.344187210741352,19.75724416061462,0.9999675210742832,0.6251367517585721,29.223515496347968,1.5
Sundarbans,2017,9,2.2636703626645382,19.75724416061462,0.9999675210742832,0.6036648852532127,29.478710624024966,1.5
Sundarbans,2017,10,2.7067673604263307,19.75724416061462,0.9999675210742832,0.7218279487359636,28.02841867600692,1.5
Sundarbans,2017,11,2.91697877498605,19.75724416061462,0.9999675210742832,0.9371336148214262,24.318992040030736,1.2450997436103215
Sundarbans,2017,12,3.062511931492932,19.75724416061462,0.9999675210742832,0.9962630193361268,21.15626813039104,1.2296395486797567
Sundarbans,2018,1,2.6266848126095557,18.473071695210297,0.9988326681520074,0.9912235531162353,18.473071695210297,1.061215419815109
Sundarbans,2018,2,2.2448474103935845,18.473071695210297,0.9988326681520074,0.9014750465069163,23.89393523346794,0.9972388586132576
Sundarbans,2018,3,1.4506333732780756,18.473071695210297,0.9988326681520074,0.6306690747219518,27.873378906673974,0.9211361407221693
Sundarbans,2018,4,1.7129946027646714,18.473071695210297,0.9988326681520074,0.5719385197863346,28.568834454018745,1.1994836287236108
Sundarbans,2018,5,1.7161729722777648,18.473071695210297,0.9988326681520074,0.502838132314292,29.38370389633344,1.36679060697752
Sundarbans,2018,6,1.7440463432583673,18.473071695210297,0.9988326681520074,0.46562202371629596,29.829928031342885,1.5
Sundarbans,2018,7,1.9552544624663533,18.473071695210297,0.9988326681520074,0.5220100510824566,29.156631312123338,1.5
Sundarbans,2018,8,1.9190181517467662,18.473071695210297,0.9988326681520074,0.5123357220649976,29.27107284833361,1.5
Sundarbans,2018,9,1.8542929996733386,18.473071695210297,0.9988326681520074,0.49505555396459994,29.47637406243399,1.5
Sundarbans,2018,10,2.348452089038527,18.473071695210297,0.9988326681520074,0.626985784032301,27.91732556422838,1.4999987797488896
Sundarbans,2018,11,2.4695668279431358,18.473071695210297,0.9988326681520074,0.8574375354548571,24.74250502235786,1.1534115663065387
Sundarbans,2018,12,2.755840116237044,18.473071695210297,0.9988326681520074,0.9955551862867501,20.078595963921536,1.108551822631279
Sundarbans,2019,1,2.4556615500154217,20.005358383971164,0.999998752622499,0.9912235531162353,20.005358383971164,0.9909629790246707
Sundarbans,2019,2,3.0098283379187225,20.005358383971164,0.999998752622499,0.976022084999402,23.195691847846284,1.233510912760583
Sundarbans,2019,3,2.366682869082412,20.005358383971164,0.999998752622499,0.8323141368052696,26.698089949981288,1.1374062531070193
Sundarbans,2019,4,1.392807650020148,20.005358383971164,0.999998752622499,0.6181659743570098,29.55485748459911,0.9012534613260533
Sundarbans,2019,5,1.234605472434807,20.005358383971164,0.999998752622499,0.5287119950358878,30.60979590982241,0.9339920502257237
Sundarbans,2019,6,2.059471875855909,20.005358383971164,0.999998752622499,0.5491931866288725,30.368611285055394,1.5
Sundarbans,2019,7,2.301898548298029,20.005358383971164,0.999998752622499,0.6138403799916073,29.606187125873436,1.5
Sundarbans,2019,8,2.4105297281833953,20.005358383971164,0.999998752622499,0.6428087306571748,29.2598037296764,1.5
Sundarbans,2019,9,2.573729041229446,20.005358383971164,0.999998752622499,0.6863286015150838,28.727328423105543,1.5
Sundarbans,2019,10,2.7950354310568333,20.005358383971164,0.999998752622499,0.7453437121512863,27.967118437070837,1.5
Sundarbans,2019,11,3.439793327573007,20.005358383971164,0.999998752622499,0.9172793654201765,25.071558382896416,1.5
Sundarbans,2019,12,2.894106969836655,20.005358383971164,0.999998752622499,0.9933448747466511,20.254614993974478,1.1654001751364014
Everglades,2014,1,3.706163893492652,19.433939735459518,0.9998302351954392,0.9912235531162353,19.433939735459518,1.4958453300606442
Everglades,2014,2,2.8173208681781596,19.433939735459518,0.9998302351954392,0.9753216947157939,22.65243371148032,1.1556501607043088
Everglades,2014,3,2.8170779668581423,19.433939735459518,0.9998302351954392,0.9781538566634107,22.51346592567666,1.152191097573603
Everglades,2014,4,1.7755114437467687,19.433939735459518,0.9998302351954392,0.908334623513678,24.69941626110427,0.7819668709472856
Everglades,2014,5,2.1111063247714257,19.433939735459518,0.9998302351954392,0.8042911259148655,26.557392047213717,1.0501965941798443
Everglades,2014,6,2.851701623752826,19.433939735459518,0.9998302351954392,0.7605821755136696,27.18816102287291,1.5
Everglades,2014,7,2.514855746404618,19.433939735459518,0.9998302351954392,0.6707640081250613,28.348085190050167,1.4999502030013883
Everglades,2014,8,2.297229353154412,19.433939735459518,0.9998302351954392,0.6126974853255287,29.048054844833203,1.5
Everglades,2014,9,2.775391124292594,19.433939735459518,0.9998302351954392,0.7402292989320816,27.463312709911204,1.5
Everglades,2014,10,2.9532183850987788,19.433939735459518,0.9998302351954392,0.8291744279039314,26.176094322043618,1.4248575456784491
Everglades,2014,11,3.161983674325479,19.433939735459518,0.9998302351954392,0.987264491682576,21.962237251500284,1.281326981505201
Everglades,2014,12,2.97007414675445,19.433939735459518,0.9998302351954392,0.994218810218709,21.271042095829845,1.1951428216073174
Everglades,2015,1,2.7127994359219403,21.22045988792271,0.9992523500185964,0.9912235531162353,21.22045988792271,1.0955468257886518
Everglades,2015,2,3.011364209777356,21.22045988792271,0.9992523500185964,0.9600069138755897,19.3539211798502,1.2556611287226385
Everglades,2015,3,2.048439854370144,21.22045988792271,0.9992523500185964,0.983317358056594,24.01461432433881,0.8338926868320012
Everglades,2015,4,2.969684490966365,21.22045988792271,0.9992523500185964,0.9210081312555722,26.196666352902646,1.2907368410617646
Everglades,2015,5,2.0052806953230093,21.22045988792271,0.9992523500185964,0.8886278055829632,26.904547069483947,0.9033494736998633
Everglades,2015,6,2.7939842414557923,21.22045988792271,0.9992523500185964,0.8387550082512694,27.80732313170871,1.3334648525719586
Everglades,2015,7,2.139387247219708,21.22045988792271,0.9992523500185964,0.7788867846395889,28.71979177250023,1.099605775417473
Everglades,2015,8,2.9022375531457536,21.22045988792271,0.9992523500185964,0.7745094397899591,28.78181214722418,1.5
Everglades,2015,9,3.1105699870897334,21.22045988792271,0.9992523500185964,0.830106334273726,27.948332018622235,1.5
Everglades,2015,10,2.9313074454137324,21.22045988792271,0.9992523500185964,0.9035396507708854,26.596428580509357,1.2986758426753098
Everglades,2015,11,3.4214148113940253,21.22045988792271,0.9992523500185964,0.9441693590950387,25.582082282816668,1.450553810983779
Everglades,2015,12,3.5269010539722894,21.22045988792271,0.9992523500185964,0.9774798940921251,24.338366954194417,1.44435025930783
Everglades,2016,1,3.7165060821050564,19.46642010141895,0.9998433607086928,0.9912235531162353,19.46642010141895,1.5
Everglades,2016,2,3.3134755162534777,19.46642010141895,0.9998433607086928,0.9935663133375188,19.762133942378313,1.3341659308592297
Everglades,2016,3,2.4610346893819903,19.46642010141895,0.9998433607086928,0.9521351791427172,23.568674227442298,1.0343565931554033
Everglades,2016,4,1.7905631703187208,19.46642010141895,0.9998433607086928,0.9161922197564776,24.549674434032145,0.7819676305187173
Everglades,2016,5,2.877613088598733,19.46642010141895,0.9998433607086928,0.8276558426428331,26.230171267421913,1.391088641528317
Everglades,2016,6,2.643417000237972,19.46642010141895,0.9998433607086928,0.7050203474215703,27.95213720402166,1.5
Everglades,2016,7,1.9213586800578875,19.46642010141895,0.9998433607086928,0.6238984192732924,28.946662909592714,1.2331142040960201
Everglades,2016,8,2.538695004080106,19.46642010141895,0.9998433607086928,0.677090238715602,28.302280603897163,1.5
Everglades,2016,9,2.7043512202160054,19.46642010141895,0.9998433607086928,0.721272268182195,27.744114003809578,1.5
Everglades,2016,10,3.0435797234497146,19.46642010141895,0.9998433607086928,0.8502884742848255,25.85696392800896,1.4320178379660096
Everglades,2016,11,2.754554513141166,19.46642010141895,0.9998433607086928,0.9702557159591524,22.915660041231888,1.1357743415351271
Everglades,2016,12,2.8574074374765255,19.46642010141895,0.9998433607086928,0.9572858263898633,23.409027765051622,1.1941634349335635
Everglades,2017,1,2.6323643540929855,21.05603219019402,0.9994372237873406,0.9912235531162353,21.05603219019402,1.062867450827158
Everglades,2017,2,2.3054563326190536,21.05603219019402,0.9994372237873406,0.996574757031021,22.09300833627915,0.9258740332470334
Everglades,2017,3,1.9611934733728218,21.05603219019402,0.9994372237873406,0.9965159239584438,22.278349708251707,0.7876633906404404
Everglades,2017,4,2.0615595689965582,21.05603219019402,0.9994372237873406,0.9635495991756867,24.76629423489952,0.8563259023205895
Everglades,2017,5,2.0667584895988407,21.05603219019402,0.9994372237873406,0.8790414559914805,26.92404360245053,0.9409510534401841
Everglades,2017,6,3.1162624804378165,21.05603219019402,0.9994372237873406,0.8314720122777898,27.761140191939724,1.5
Everglades,2017,7,2.963433617098257,21.05603219019402,0.9994372237873406,0.7906947314829904,28.38487757305052,1.5
Everglades,2017,8,2.7008107335643894,21.05603219019402,0.9994372237873406,0.7502739415192554,28.950847493210592,1.4408694508181277
Everglades,2017,9,3.073992926827668,21.05603219019402,0.9994372237873406,0.8201937837461482,27.940266960737432,1.5
Everglades,2017,10,3.4883615453758536,21.05603219019402,0.9994372237873406,0.9307538745098323,25.788153620213322,1.5
Everglades,2017,11,3.2937242826470388,21.05603219019402,0.9994372237873406,0.9861908708141234,23.660945469746398,1.3366884179063923
Everglades,2017,12,2.825227096348571,21.05603219019402,0.9994372237873406,0.9932925134958168,21.299063852017174,1.1383634720851465
Everglades,2018,1,2.868647834912413,19.040789161394255,0.9995343076153836,0.9912235531162353,19.040789161394255,1.1581578727064015
Everglades,2018,2,1.8226585849363197,19.040789161394255,0.9995343076153836,0.9381249360908717,23.57447895760647,0.7774924801983013
Everglades,2018,3,1.9866837892014997,19.040789161394255,0.9995343076153836,0.9930724323028174,21.036042812493985,0.8005882573441708
Everglades,2018,4,1.8014999314572842,19.040789161394255,0.9995343076153836,0.8878431470675374,24.741912469506612,0.8120202891663553
Everglades,2018,5,3.1413085989876453,19.040789161394255,0.9995343076153836,0.8380720342432911,25.638601751661835,1.5
Everglades,2018,6,2.6268245143185567,19.040789161394255,0.9995343076153836,0.7008121931316835,27.5808566187861,1.5
Everglades,2018,7,2.366816951142051,19.040789161394255,0.9995343076153836,0.6488050657699371,28.22274212377265,1.459862491193891
Everglades,2018,8,2.497805651195558,19.040789161394255,0.9995343076153836,0.6664381256347183,28.008284579909073,1.4998959011424906
Everglades,2018,9,2.564144636532033,19.040789161394255,0.9995343076153836,0.6840897699796666,27.790478128029093,1.5
Everglades,2018,10,2.3753932619178855,19.040789161394255,0.9995343076153836,0.753970661452089,26.885781759082203,1.2607756568181483
Everglades,2018,11,2.639665805990988,19.040789161394255,0.9995343076153836,0.9166989107648451,24.119501001137742,1.152349061789168
Everglades,2018,12,2.7099177466521494,19.040789161394255,0.9995343076153836,0.987717246921525,21.537567240940177,1.097960150694244
Everglades,2019,1,3.193717481730914,19.620915681703128,0.9999229212692966,0.9912235531162353,19.620915681703128,1.2888975594899938
Everglades,2019,2,2.4432654333284627,19.620915681703128,0.9999229212692966,0.9680029808829645,23.162505660872146,1.009667570343486
Everglades,2019,3,1.8204373426313996,19.620915681703128,0.9999229212692966,0.9723368983233319,22.98047415493932,0.7489495202539779
Everglades,2019,4,2.318834897806698,19.620915681703128,0.9999229212692966,0.9032899150695939,25.000600298436424,1.0270296806427894
Everglades,2019,5,2.289417496873183,19.620915681703128,0.9999229212692966,0.7734715159831812,27.194621338968286,1.1841879122477506
Everglades,2019,6,2.5087959918602563,19.620915681703128,0.9999229212692966,0.6690634084555788,28.555763504191763,1.5
Everglades,2019,7,2.4469898512431563,19.620915681703128,0.9999229212692966,0.6696319728074649,28.549079862472826,1.4622500392961908
Everglades,2019,8,2.63311510406655,19.620915681703128,0.9999229212692966,0.7022178825951911,28.143195849306043,1.5
Everglades,2019,9,2.4818669918527525,19.620915681703128,0.9999229212692966,0.6900651481123888,28.29541494740255,1.4386283867922638
Everglades,2019,10,2.677861148567463,19.620915681703128,0.9999229212692966,0.7397182328481615,27.65651319401126,1.4480966940184687
Everglades,2019,11,2.802528578074658,19.620915681703128,0.9999229212692966,0.9487492027376022,23.844318841394344,1.1816378192006152
Everglades,2019,12,3.6784826806915514,19.620915681703128,0.9999229212692966,0.9810042953227832,22.550525468560956,1.5
Cairns,2014,1,3.648222745537765,26.105441491957624,0.981349919734834,0.9912235531162353,26.105441491957624,1.5
Cairns,2014,2,3.622152540964465,26.105441491957624,0.981349919734834,0.9842594121925884,25.52029995414467,1.5
Cairns,2014,3,2.892845317644724,26.105441491957624,0.981349919734834,0.9757459287717302,24.993280045673476,1.2084684550252522
Cairns,2014,4,3.5680620490036707,26.105441491957624,0.981349919734834,0.9696492499489404,24.67800999257382,1.5
Cairns,2014,5,3.037530958767192,26.105441491957624,0.981349919734834,0.9152376550609537,22.68810819466964,1.3536264663442164
Cairns,2014,6,3.136856796810656,26.105441491957624,0.981349919734834,0.8532970940227276,21.087288172958406,1.5
Cairns,2014,7,2.243971739034402,26.105441491957624,0.981349919734834,0.8008457871144364,19.953172137668947,1.145245924997835
Cairns,2014,8,2.3999605590243447,26.105441491957624,0.981349919734834,0.8298866463753624,20.56261301816889,1.1806346473959641
Cairns,2014,9,2.1413845575445833,26.105441491957624,0.981349919734834,0.8747385185980241,21.59925634255423,0.998730511527528
Cairns,2014,10,2.1028898570379893,26.105441491957624,0.981349919734834,0.9217290841197899,22.881892247031026,0.9302526837031823
Cairns,2014,11,1.9871659538206297,26.105441491957624,0.981349919734834,0.9659411406420975,24.500701418795902,0.8383607109764822
Cairns,2014,12,2.508295329547491,26.105441491957624,0.981349919734834,0.9926129754501379,26.262071450153705,1.0297918176079046
Cairns,2015,1,3.5505201596369007,27.097180978133412,0.9748013253455925,0.9912235531162353,27.097180978133412,1.4695544853490567
Cairns,2015,2,3.5873504799618154,27.097180978133412,0.9748013253455925,0.9812477352314827,26.308977407339356,1.5
Cairns,2015,3,3.5599250642083087,27.097180978133412,0.9748013253455925,0.9740819018921587,25.895349694754337,1.4996426587824663
Cairns,2015,4,3.014443212899971,27.097180978133412,0.9748013253455925,0.9448236962775579,24.64017296283697,1.3097104708964808
Cairns,2015,5,2.4842388407414675,27.097180978133412,0.9748013253455925,0.8909505022090348,23.005200979815523,1.1452044628866824
Cairns,2015,6,3.06502700817572,27.097180978133412,0.9748013253455925,0.838916859399805,21.751281049445794,1.5
Cairns,2015,7,2.158193709245429,27.097180978133412,0.9748013253455925,0.7687844752978787,20.303289156064462,1.153932369641407
Cairns,2015,8,2.011090807620165,27.097180978133412,0.9748013253455925,0.7953692937719742,20.830660079570567,1.0393831059537362
Cairns,2015,9,2.030377809880945,27.097180978133412,0.9748013253455925,0.8540080118100389,22.094472710504018,0.9764179974030033
Cairns,2015,10,2.299667057879083,27.097180978133412,0.9748013253455925,0.8728796152366184,22.543519152746164,1.0812916651534437
Cairns,2015,11,2.5375820520917367,27.097180978133412,0.9748013253455925,0.954259941771901,24.995000215475226,1.0908842605231177
Cairns,2015,12,3.5174489374360887,27.097180978133412,0.9748013253455925,0.9621051524725006,25.320797102291824,1.5
Cairns,2016,1,3.5907514907218463,26.58078751340778,0.97832566069724,0.9912235531162353,26.58078751340778,1.4808419792908154
Cairns,2016,2,3.534741727210581,26.58078751340778,0.97832566069724,0.9961520236504979,27.36871301678605,1.4505103086054651
Cairns,2016,3,3.620051853229132,26.58078751340778,0.97832566069724,0.9866263118117204,26.16993644932377,1.5
Cairns,2016,4,3.291042696282577,26.58078751340778,0.97832566069724,0.9645180479715854,24.91198445848108,1.395141417555016
Cairns,2016,5,2.831935165134177,26.58078751340778,0.97832566069724,0.9503355305118735,24.32685120457465,1.2185130258135712
Cairns,2016,6,2.883232656380143,26.58078751340778,0.97832566069724,0.8956534857844258,22.612952404526013,1.3169962015297298
Cairns,2016,7,2.741358570661169,26.58078751340778,0.97832566069724,0.8547041295900077,21.594423127961694,1.3127928166055713
Cairns,2016,8,2.366446932156768,26.58078751340778,0.97832566069724,0.8231337015595824,20.890603044758368,1.176542785814499
Cairns,2016,9,2.5228684491440636,26.58078751340778,0.97832566069724,0.9187964662458069,23.267395142285963,1.122453710326795
Cairns,2016,10,2.4294759597374065,26.58078751340778,0.97832566069724,0.9410416215208104,23.987408707146958,1.0556143605752792
Cairns,2016,11,2.0368911397717544,26.58078751340778,0.97832566069724,0.9704798708747377,25.19287827506721,0.857892587891605
Cairns,2016,12,2.172892304095085,26.58078751340778,0.97832566069724,0.9833718128667648,25.933052123155438,0.9031308565975049
Cairns,2017,1,3.636590638586785,26.60430662013638,0.9781693249682727,0.9912235531162353,26.60430662013638,1.5
Cairns,2017,2,3.631704564115679,26.60430662013638,0.9781693249682727,0.9899482100090822,26.478029645865,1.5
Cairns,2017,3,3.64560344043856,26.60430662013638,0.9781693249682727,0.9938124071298124,26.920768489691955,1.499887410323524
Cairns,2017,4,3.37649977350041,26.60430662013638,0.9781693249682727,0.9518801362026599,24.41143384248159,1.4510754988791603
Cairns,2017,5,3.2835667795721952,26.60430662013638,0.9781693249682727,0.9005967958727991,22.770029833615308,1.4917187693216036
Cairns,2017,6,2.4392621642152084,26.60430662013638,0.9781693249682727,0.8191373424791091,20.830093316044216,1.2194777002810213
Cairns,2017,7,2.3985302628688165,26.60430662013638,0.9781693249682727,0.8460034672736341,21.417964533815407,1.1604518455217683
Cairns,2017,8,2.1051108902739757,26.60430662013638,0.9781693249682727,0.8567754625655151,21.66662927639728,1.0059397084104669
Cairns,2017,9,2.2127625919481355,26.60430662013638,0.9781693249682727,0.8810531962798621,22.255263464259798,1.027690259607309
Cairns,2017,10,3.393713179436028,26.60430662013638,0.9781693249682727,0.9368141962234258,23.86503950080053,1.4812846870806466
Cairns,2017,11,2.7421017739411595,26.60430662013638,0.9781693249682727,0.9545514174044675,24.513650895028203,1.1744467798354088
Cairns,2017,12,2.147715326173494,26.60430662013638,0.9781693249682727,0.9838411713825564,25.988290673334095,0.8924031045444256
Cairns,2018,1,3.6488826632510696,26.083145138537148,0.9814730108591481,0.9912235531162353,26.083145138537148,1.5
Cairns,2018,2,3.6535167351974844,26.083145138537148,0.9814730108591481,0.9925714460567954,26.237927156073894,1.5
Cairns,2018,3,3.621290243046168,26.083145138537148,0.9814730108591481,0.9837788202688353,25.46329728647431,1.5
Cairns,2018,4,3.340991219741802,26.083145138537148,0.9814730108591481,0.9702477708779759,24.68600891764081,1.4035642774707318
Cairns,2018,5,2.6549394950050007,26.083145138537148,0.9814730108591481,0.9063174021595349,22.40808239928995,1.19447621200961
Cairns,2018,6,2.3074418161961683,26.083145138537148,0.9814730108591481,0.8277350836470458,20.494219259749332,1.1377470506637881
Cairns,2018,7,2.254099624100435,26.083145138537148,0.9814730108591481,0.8350119693641678,20.651853604714248,1.1013663454633726
Cairns,2018,8,1.9613452211061264,26.083145138537148,0.9814730108591481,0.8478904954631038,20.941516736975206,0.9439342900331278
Cairns,2018,9,2.1458218445299613,26.083145138537148,0.9814730108591481,0.8935620566276784,22.058294690191634,0.9790825171451835
Cairns,2018,10,2.260767692881897,26.083145138537148,0.9814730108591481,0.9463028088793661,23.677899185157656,0.9733409343056778
Cairns,2018,11,1.849550398252193,26.083145138537148,0.9814730108591481,0.9878834090211487,25.77508546874197,0.7627603731115932
Cairns,2018,12,3.6560305790013494,26.083145138537148,0.9814730108591481,0.9931423159349512,26.306120788723234,1.5
Cairns,2019,1,3.655474020440051,25.784941416992112,0.9832348478253551,0.9912235531162353,25.784941416992112,1.5
Cairns,2019,2,3.675326079156332,25.784941416992112,0.9832348478253551,0.9966048334645319,26.989510158935698,1.5
Cairns,2019,3,3.646392428439788,25.784941416992112,0.9832348478253551,0.9886940893929944,25.544618468339532,1.5
Cairns,2019,4,3.537229355234777,25.784941416992112,0.9832348478253551,0.9678186553902731,24.268002588371925,1.4867118858307988
Cairns,2019,5,3.1718949835394903,25.784941416992112,0.9832348478253551,0.9324895190271996,22.901900516948857,1.3839329493126675
Cairns,2019,6,2.911141544678979,25.784941416992112,0.9832348478253551,0.8540271855222237,20.7824170647656,1.3875634734164888
Cairns,2019,7,2.3967295088347718,25.784941416992112,0.9832348478253551,0.8166813304924331,19.95765006278378,1.1948869160088016
Cairns,2019,8,2.418733320393091,25.784941416992112,0.9832348478253551,0.8356765200283492,20.367032879333532,1.1780584517197936
Cairns,2019,9,2.2149272796965827,25.784941416992112,0.9832348478253551,0.878051787836722,21.360405637650732,1.0267520153023704
Cairns,2019,10,2.5281002482216133,25.784941416992112,0.9832348478253551,0.9360248728196293,23.01929786496482,1.0982790601777819
Cairns,2019,11,2.1200831614714732,25.784941416992112,0.9832348478253551,0.9691954631587353,24.335466785404556,0.8894794812849772
Cairns,2019,12,2.7404298760814174,25.784941416992112,0.9832348478253551,0.9906793972342217,25.738038586282833,1.1249346298158691
Can Gio,2014,1,2.5252578821141847,25.105664576592616,0.9869627985113609,0.9912235531162353,25.105664576592616,1.0325098100922971
Can Gio,2014,2,2.2348814010205187,25.105664576592616,0.9869627985113609,0.9965376467054528,26.07282614826591,0.9089104144649324
Can Gio,2014,3,1.7042987251277395,25.105664576592616,0.9869627985113609,0.9765534885271531,28.268844472435603,0.7073346882522108
Can Gio,2014,4,1.843059784554355,25.105664576592616,0.9869627985113609,0.940441114100834,29.575616644526008,0.7942667119930219
Can Gio,2014,5,3.4718951666297535,25.105664576592616,0.9869627985113609,0.9391665492753971,29.61150954016713,1.4982456592028288
Can Gio,2014,6,3.6310291205945697,25.105664576592616,0.9869627985113609,0.9810653598089277,28.030745232451036,1.5
Can Gio,2014,7,3.66268983929029,25.105664576592616,0.9869627985113609,0.989619526933556,27.44748821301993,1.5
Can Gio,2014,8,3.648544399666345,25.105664576592616,0.9869627985113609,0.9865537750597676,27.68545536707816,1.498848907930311
Can Gio,2014,9,3.6589600291338766,25.105664576592616,0.9869627985113609,0.9886117946411317,27.5310085990292,1.5
Can Gio,2014,10,3.650433978965298,25.105664576592616,0.9869627985113609,0.9863082493242726,27.702682454710967,1.5
Can Gio,2014,11,3.196207609171039,25.105664576592616,0.9869627985113609,0.9836983853734457,27.87482698598064,1.3168199780074819
Can Gio,2014,12,2.9164168321304986,25.105664576592616,0.9869627985113609,0.9949538818561335,26.826387874220934,1.1879705121898505
Can Gio,2015,1,2.4779683891065143,25.457565505653253,0.9851045356682913,0.9912235531162353,25.457565505653253,1.015089630093073
Can Gio,2015,2,2.164883627364186,25.457565505653253,0.9851045356682913,0.9952838172612354,26.023380429150883,0.8832156187439436
Can Gio,2015,3,1.62358516143925,25.457565505653253,0.9851045356682913,0.9844612663927016,28.17916556735373,0.6696914706318594
Can Gio,2015,4,1.6352561789010134,25.457565505653253,0.9851045356682913,0.9595192428873124,29.32565433967854,0.6920116056869217
Can Gio,2015,5,3.1895184649613335,25.457565505653253,0.9851045356682913,0.9419279524743163,29.884928171830026,1.3749308682597514
Can Gio,2015,6,3.615398920579576,25.457565505653253,0.9851045356682913,0.9786847127503272,28.513206297762107,1.5
Can Gio,2015,7,3.635552943609331,25.457565505653253,0.9851045356682913,0.9841404168074063,28.199645229673056,1.5
Can Gio,2015,8,3.6401126411887454,25.457565505653253,0.9851045356682913,0.9853747456621419,28.119204971277277,1.5
Can Gio,2015,9,3.6556438875880115,25.457565505653253,0.9851045356682913,0.9895789362475207,27.80348761775158,1.5
Can Gio,2015,10,3.6406371341568082,25.457565505653253,0.9851045356682913,0.9855167468708593,28.109564751470543,1.5
Can Gio,2015,11,3.372983482934742,25.457565505653253,0.9851045356682913,0.9841805786117125,28.196317482977648,1.3915975695320832
Can Gio,2015,12,2.943420031239083,25.457565505653253,0.9851045356682913,0.9918984287590121,27.584616784576856,1.2049293425854928
Can Gio,2016,1,2.4711631657677575,27.896668756838647,0.9688161494500112,0.9912235531162353,27.896668756838647,1.0293295514497391
Can Gio,2016,2,2.1398710949412316,27.896668756838647,0.9688161494500112,0.9865648669805702,27.480594441474647,0.895547139339733
Can Gio,2016,3,1.6096756431335393,27.896668756838647,0.9688161494500112,0.9925408993015381,28.044838865968647,0.6696040494338251
Can Gio,2016,4,1.634503451421083,27.896668756838647,0.9688161494500112,0.9937370764793023,29.806646994537388,0.6791214197607989
Can Gio,2016,5,3.5907313435022745,27.896668756838647,0.9688161494500112,0.9915900892620956,30.05713418071241,1.4950996111913852
Can Gio,2016,6,3.6113821759935925,27.896668756838647,0.9688161494500112,0.9940324569200377,28.249972501283306,1.5
Can Gio,2016,7,3.6075483911219823,27.896668756838647,0.9688161494500112,0.9929770902501868,28.104050859959315,1.5
Can Gio,2016,8,3.609014140373477,27.896668756838647,0.9688161494500112,0.9933806086784818,28.156792927440325,1.5
Can Gio,2016,9,3.596925713291718,27.896668756838647,0.9688161494500112,0.9900530409389102,27.783421550921513,1.5
Can Gio,2016,10,3.5701288315452966,27.896668756838647,0.9688161494500112,0.9826768966905552,27.203499889515054,1.5
Can Gio,2016,11,3.5913279039560018,27.896668756838647,0.9688161494500112,0.9922875570125114,28.018181290077788,1.4942950718179981
Can Gio,2016,12,3.549175201575419,27.896668756838647,0.9688161494500112,0.9769091143002966,26.85040144344757,1.5
Can Gio,2017,1,2.791995930469909,27.264207333457573,0.9736152387437631,0.9912235531162353,27.264207333457573,1.1572200719111794
Can Gio,2017,2,2.5106379619139556,27.264207333457573,0.9736152387437631,0.9889470224323166,27.045551610543306,1.042998861452319
Can Gio,2017,3,2.285172371462565,27.264207333457573,0.9736152387437631,0.9963797589595438,28.156200888637912,0.9422515396627889
Can Gio,2017,4,2.3666630652155147,27.264207333457573,0.9736152387437631,0.9935610743265384,29.19913143340248,0.9786296406420537
Can Gio,2017,5,3.635312106140669,27.264207333457573,0.9736152387437631,0.9956875499864553,28.839944575194753,1.5
Can Gio,2017,6,3.638633671797899,27.264207333457573,0.9736152387437631,0.9965972973192918,28.478976714926066,1.5
Can Gio,2017,7,3.6321952946471288,27.264207333457573,0.9736152387437631,0.9948338356233879,27.741838793407325,1.5
Can Gio,2017,8,3.6339069603667635,27.264207333457573,0.9736152387437631,0.9953026604607176,27.831824904481614,1.5
Can Gio,2017,9,3.6386620406343773,27.264207333457573,0.9736152387437631,0.9966050616093177,28.293919571407994,1.5
Can Gio,2017,10,3.628677285350545,27.264207333457573,0.9736152387437631,0.9938702720112133,27.587018028776196,1.5
Can Gio,2017,11,3.630853212454353,27.264207333457573,0.9736152387437631,0.9948710244905742,27.748939542704495,1.4993900415709767
Can Gio,2017,12,3.3909622249657647,27.264207333457573,0.9736152387437631,0.9838274791239967,26.647126248586186,1.4160449175784107
Can Gio,2018,1,2.7669252789252403,26.8235060007713,0.9767171557204256,0.9912235531162353,26.8235060007713,1.1431902380471015
Can Gio,2018,2,2.4392939177560615,26.8235060007713,0.9767171557204256,0.9894657594993611,26.65164115986666,1.0096143847154897
Can Gio,2018,3,2.1363291748055655,26.8235060007713,0.9767171557204256,0.9959921650053528,28.316331427075166,0.8784378845997544
Can Gio,2018,4,1.895768632282561,26.8235060007713,0.9767171557204256,0.9876139423496851,29.32770901231323,0.7861487142103819
Can Gio,2018,5,3.599426651703235,26.8235060007713,0.9767171557204256,0.990618950869155,29.077977786734564,1.4880510631926382
Can Gio,2018,6,3.650102953564082,26.8235060007713,0.9767171557204256,0.9965636624575718,28.041095568765925,1.5
Can Gio,2018,7,3.6486697871032217,26.8235060007713,0.9767171557204256,0.9961722385812599,27.62420470682115,1.5
Can Gio,2018,8,3.6468868730835355,26.8235060007713,0.9767171557204256,0.9956854048128401,27.482931895427086,1.5
Can Gio,2018,9,3.6459242204152447,26.8235060007713,0.9767171557204256,0.9954225610851447,27.421115569628896,1.5
Can Gio,2018,10,3.6496642835776876,26.8235060007713,0.9767171557204256,0.9964439251224536,28.13615247097784,1.5
Can Gio,2018,11,3.3542982861916553,26.8235060007713,0.9767171557204256,0.9965584781992665,27.818705695050557,1.3784510330267583
Can Gio,2018,12,3.2065428185884755,26.8235060007713,0.9767171557204256,0.9964711676348718,27.7551729005722,1.3178484229915075
Can Gio,2019,1,2.578841257003066,27.050319278053983,0.975145190219011,0.9912235531162353,27.050319278053983,1.0671971680441596
Can Gio,2019,2,2.248610173045811,27.050319278053983,0.975145190219011,0.9955663601874002,27.68438198010465,0.9264769550221204
Can Gio,2019,3,1.7386599451707399,27.050319278053983,0.975145190219011,0.9947426053391591,28.806795386279983,0.7169734967497186
Can Gio,2019,4,1.731311093444152,27.050319278053983,0.975145190219011,0.9785068665772939,30.11452111039173,0.7257925635885832
Can Gio,2019,5,3.356529387271797,27.050319278053983,0.975145190219011,0.9892911516802687,29.421971717954126,1.3917284004308417
Can Gio,2019,6,3.6414778010853857,27.050319278053983,0.975145190219011,0.9958115214656778,28.592697082434892,1.5
Can Gio,2019,7,3.643900696081126,27.050319278053983,0.975145190219011,0.9964739929553317,27.982734301259143,1.5
Can Gio,2019,8,3.6395645000549095,27.050319278053983,0.975145190219011,0.9952881439552826,27.616897488311295,1.5
Can Gio,2019,9,3.639748688010895,27.050319278053983,0.975145190219011,0.9953384934157589,27.628635150061733,1.5
Can Gio,2019,10,3.3120352842129632,27.050319278053983,0.975145190219011,0.9965695154941274,28.06614977940493,1.3632686367353595
Can Gio,2019,11,2.9576363640241885,27.050319278053983,0.975145190219011,0.9915777433262859,27.089517354070807,1.2235432843247587
Can Gio,2019,12,2.3418586101589702,27.050319278053983,0.975145190219011,0.9835197436964122,26.411985839113747,0.9767258648489474
